{"acc": 0.8513855137550912, "loss": 0.16592801639025953, "_timestamp": 1718288095.266345, "_runtime": 1.4418470859527588, "_step": 7, "_wandb": {"runtime": 1}}